CD_MUN,cluster_final
1100015,0
1100023,0
1100031,0
1100049,0
1100056,0
1100064,0
1100072,0
1100080,0
1100106,0
1100114,0
1100122,0
1100130,0
1100148,0
1100155,0
1100189,0
1100205,0
1100254,0
1100262,0
1100288,0
1100296,0
1100304,0
1100320,0
1100338,0
1100346,0
1100379,0
1100403,0
1100452,0
1100502,0
1100601,0
1100700,0
1100809,0
1100908,0
1100924,0
1100940,0
1101005,0
1101104,0
1101203,0
1101302,0
1101401,0
1101435,0
1101450,0
1101468,0
1101476,0
1101484,0
1101492,0
1101500,0
1101559,0
1101609,0
1101708,0
1101757,0
1101807,0
1200013,0
1200054,0
1200104,0
1200138,0
1200179,0
1200203,0
1200302,0
1200328,0
1200336,0
1200344,0
1200351,0
1200385,0
1200393,0
1200401,0
1200427,0
1200435,0
1200450,0
1200500,0
1200609,0
1200708,0
1200807,0
1300029,0
1300060,0
1300086,0
1300102,0
1300144,0
1300201,0
1300300,0
1300409,0
1300508,0
1300607,0
1300631,0
1300680,0
1300706,0
1300805,0
1300839,0
1300904,0
1301001,0
1301100,0
1301159,0
1301209,0
1301308,0
1301407,0
1301506,0
1301605,0
1301654,0
1301704,0
1301803,0
1301852,0
1301902,0
1301951,0
1302009,0
1302108,0
1302207,0
1302306,0
1302405,0
1302504,0
1302553,0
1302603,1
1302702,0
1302801,0
1302900,0
1303007,0
1303106,0
1303205,0
1303304,0
1303403,0
1303502,0
1303536,0
1303569,0
1303601,0
1303700,0
1303809,0
1303908,0
1303957,0
1304005,0
1304062,0
1304104,0
1304203,0
1304237,0
1304260,0
1304302,0
1304401,0
1400027,0
1400050,0
1400100,0
1400159,0
1400175,0
1400209,0
1400233,0
1400282,0
1400308,0
1400407,0
1400456,0
1400472,0
1400506,0
1400605,0
1400704,0
1500107,0
1500131,0
1500206,0
1500305,0
1500347,0
1500404,0
1500503,0
1500602,0
1500701,0
1500800,0
1500859,0
1500958,0
1501006,0
1501105,0
1501204,0
1501253,0
1501303,0
1501402,1
1501451,0
1501501,0
1501576,0
1501600,0
1501709,0
1501725,0
1501758,0
1501782,0
1501808,0
1501907,0
1501956,0
1502004,0
1502103,0
1502152,0
1502202,0
1502301,0
1502400,0
1502509,0
1502608,0
1502707,0
1502756,0
1502764,0
1502772,0
1502806,0
1502855,0
1502905,0
1502939,0
1502954,0
1503002,0
1503044,0
1503077,0
1503093,0
1503101,0
1503200,0
1503309,0
1503408,0
1503457,0
1503507,0
1503606,0
1503705,0
1503754,0
1503804,0
1503903,0
1504000,0
1504059,0
1504109,0
1504208,0
1504307,0
1504406,0
1504422,0
1504455,0
1504505,0
1504604,0
1504703,0
1504752,0
1504802,0
1504901,0
1504950,0
1504976,0
1505007,0
1505031,0
1505064,0
1505106,0
1505205,0
1505304,0
1505403,0
1505437,0
1505486,0
1505494,0
1505502,0
1505536,0
1505551,0
1505601,0
1505635,0
1505650,0
1505700,0
1505809,0
1505908,0
1506005,0
1506104,0
1506112,0
1506138,0
1506161,0
1506187,0
1506195,0
1506203,0
1506302,0
1506351,0
1506401,0
1506500,0
1506559,0
1506583,0
1506609,0
1506708,0
1506807,0
1506906,0
1507003,0
1507102,0
1507151,0
1507201,0
1507300,0
1507409,0
1507458,0
1507466,0
1507474,0
1507508,0
1507607,0
1507706,0
1507755,0
1507805,0
1507904,0
1507953,0
1507961,0
1507979,0
1508001,0
1508035,0
1508084,0
1508100,0
1508126,0
1508159,0
1508209,0
1508308,0
1508357,0
1508407,0
1600055,0
1600105,0
1600154,0
1600204,0
1600212,0
1600238,0
1600253,0
1600279,0
1600303,0
1600402,1001
1600501,1001
1600535,1001
1600550,1001
1600600,1000
1600709,1001
1600808,1001
1700251,1001
1700301,1001
1700350,1001
1700400,1001
1700707,1001
1701002,1001
1701051,1001
1701101,1001
1701309,1001
1701903,1001
1702000,1001
1702109,1000
1702158,1001
1702208,1001
1702307,1001
1702406,1001
1702554,1001
1702703,1001
1702901,1001
1703008,1001
1703057,1001
1703073,1001
1703107,1001
1703206,1001
1703305,1001
1703602,1001
1703701,1001
1703800,1001
1703826,1001
1703842,1001
1703867,1001
1703883,1001
1703891,1001
1703909,1001
1704105,1001
1704600,1001
1705102,1001
1705508,1001
1705557,1001
1705607,1001
1706001,1001
1706100,1001
1706258,1001
1706506,1001
1707009,1001
1707108,1001
1707207,1001
1707306,1001
1707405,1001
1707553,1001
1707652,1001
1707702,1001
1708205,1001
1708254,1001
1708304,1001
1709005,1001
1709302,1001
1709500,1000
1709807,1001
1710508,1001
1710706,1001
1710904,1001
1711100,1001
1711506,1001
1711803,1001
1711902,1001
1711951,1001
1712009,1001
1712157,1001
1712405,1001
1712454,1001
1712504,1001
1712702,1001
1712801,1001
1713205,1001
1713304,1001
1713601,1001
1713700,1001
1713809,1001
1713957,1001
1714203,1001
1714302,1001
1714880,1001
1715002,1001
1715101,1001
1715150,1001
1715507,1001
1715705,1001
1715754,1001
1716109,1001
1716208,1001
1716307,1001
1716505,1001
1716604,1001
1716653,1001
1716703,1001
1717008,1001
1717206,1001
1717503,1001
1717800,1001
1717909,1001
1718006,1001
1718204,1000
1718303,1001
1718402,1001
1718501,1001
1718550,1001
1718659,1001
1718709,1001
1718758,1001
1718808,1001
1718840,1001
1718865,1001
1718881,1001
1718899,1001
1718907,1001
1719004,1001
1720002,1001
1720101,1001
1720150,1001
1720200,1001
1720259,1001
1720309,1001
1720499,1001
1720655,1001
1720804,1001
1720853,1001
1720903,1001
1720937,1001
1720978,1001
1721000,1000
1721109,1001
1721208,1001
1721257,1001
1721307,1001
1722081,1001
1722107,1001
2100055,1000
2100105,1001
2100154,1001
2100204,1001
2100303,1001
2100402,1001
2100436,1001
2100477,1001
2100501,1001
2100550,1001
2100600,1001
2100709,1001
2100808,1001
2100832,1001
2100873,1001
2100907,1001
2100956,1001
2101004,1001
2101103,1001
2101202,1000
2101251,1001
2101301,1001
2101350,1001
2101400,1000
2101509,1001
2101608,1000
2101707,1001
2101731,1001
2101772,1001
2101806,1001
2101905,1001
2101939,1001
2101970,1001
2102002,1001
2102036,1001
2102077,1001
2102101,1001
2102150,1001
2102200,1001
2102309,1001
2102325,1001
2102358,1001
2102374,1001
2102507,1001
2102556,1001
2102606,1001
2102705,1001
2102754,1001
2102804,1001
2102903,1001
2103000,1000
2103109,1001
2103125,1001
2103158,1001
2103174,1001
2103208,1000
2103257,1001
2103307,1000
2103406,1001
2103505,1001
2103554,1001
2103604,1000
2103703,1001
2103752,1001
2103802,1001
2103901,1001
2104008,1001
2104057,1001
2104073,1001
2104081,1001
2104099,1001
2104107,1001
2104206,1001
2104305,1001
2104404,1001
2104503,1001
2104552,1001
2104602,1001
2104628,1001
2104651,1001
2104677,1001
2104701,1001
2104800,1001
2104909,1001
2105005,1001
2105104,1001
2105153,1001
2105203,1001
2105302,1000
2105351,1001
2105401,1001
2105427,1001
2105450,1001
2105476,1001
2105500,1001
2105609,1001
2105658,1001
2105708,1001
2105807,1001
2105906,1001
2105922,1001
2105948,1001
2105963,1001
2105989,1001
2106003,1001
2106102,1001
2106201,1001
2106300,1001
2106326,1001
2106359,1001
2106375,1001
2106409,1001
2106508,1001
2106607,1001
2106631,1001
2106672,1001
2106706,1001
2106755,1001
2106805,1001
2106904,1001
2107001,1001
2107100,1001
2107209,1001
2107258,1001
2107308,1001
2107357,1001
2107407,1001
2107456,1001
2107506,1000
2107605,1001
2107704,1001
2107803,1001
2107902,1001
2108009,1001
2108058,1001
2108108,1001
2108207,1001
2108256,1001
2108306,1001
2108405,1001
2108454,1001
2108504,1001
2108603,1000
2108702,1001
2108801,1001
2108900,1001
2109007,1001
2109056,1001
2109106,1001
2109205,1001
2109239,1001
2109270,1001
2109304,1001
2109403,1001
2109452,1001
2109502,1001
2109551,2000
2109601,2000
2109700,2000
2109759,2000
2109809,2000
2109908,2000
2110005,2000
2110039,2000
2110104,2000
2110203,2000
2110237,2000
2110278,2000
2110302,2000
2110401,2000
2110500,2000
2110609,2000
2110658,2000
2110708,2000
2110807,2000
2110856,2000
2110906,2000
2111003,2000
2111029,2000
2111052,2000
2111078,2000
2111102,2000
2111201,2000
2111250,2000
2111300,2001
2111409,2000
2111508,2000
2111532,2000
2111573,2000
2111607,2000
2111631,2000
2111672,2000
2111706,2000
2111722,2000
2111748,2000
2111763,2000
2111789,2000
2111805,2000
2111904,2000
2111953,2000
2112001,2000
2112100,2000
2112233,2000
2112274,2000
2112308,2000
2112407,2000
2112456,2000
2112506,2000
2112605,2000
2112704,2000
2112803,2000
2112852,2000
2112902,2000
2113009,2000
2114007,2000
2200053,2000
2200103,2000
2200202,2000
2200251,2000
2200277,2000
2200301,2000
2200400,2000
2200459,2000
2200509,2000
2200608,2000
2200707,2000
2200806,2000
2200905,2000
2200954,2000
2201002,2000
2201051,2000
2201101,2000
2201150,2000
2201176,2000
2201200,2000
2201309,2000
2201408,2000
2201507,2000
2201556,2000
2201572,2000
2201606,2000
2201705,2000
2201739,2000
2201770,2000
2201804,2000
2201903,2000
2201919,2000
2201929,2000
2201945,2000
2201960,2000
2201988,2000
2202000,2000
2202026,2000
2202059,2000
2202075,2000
2202083,2000
2202091,2000
2202109,2000
2202117,2000
2202133,2000
2202174,2000
2202208,2000
2202251,2000
2202307,2000
2202406,2000
2202455,2000
2202505,2000
2202539,2000
2202554,2000
2202604,2000
2202653,2000
2202703,2000
2202711,2000
2202729,2000
2202737,2000
2202752,2000
2202778,2000
2202802,2000
2202851,2000
2202901,2000
2203008,2000
2203107,2000
2203206,2000
2203230,2000
2203255,2000
2203271,2000
2203305,2000
2203354,2000
2203404,2000
2203420,2000
2203453,2000
2203503,2000
2203602,2000
2203701,2000
2203750,2000
2203800,2000
2203859,2000
2203909,2000
2204006,2000
2204105,2000
2204154,2000
2204204,2000
2204303,2000
2204352,2000
2204402,2000
2204501,2000
2204550,2000
2204600,2000
2204709,2000
2204808,2000
2204907,2000
2205003,2000
2205102,2000
2205151,2000
2205201,2000
2205250,2000
2205276,2000
2205300,2000
2205359,2000
2205409,2000
2205458,2000
2205508,2000
2205516,2000
2205524,2000
2205532,2000
2205540,2000
2205557,2000
2205565,2000
2205581,2000
2205599,2000
2205607,2000
2205706,2000
2205805,2000
2205854,2000
2205904,2000
2205953,2000
2206001,2000
2206050,2000
2206100,2000
2206209,2000
2206308,2000
2206357,2000
2206407,2000
2206506,2000
2206605,2000
2206654,2000
2206670,2000
2206696,2000
2206704,2000
2206720,2000
2206753,2000
2206803,2000
2206902,2000
2206951,2000
2207009,2000
2207108,2000
2207207,2000
2207306,2000
2207355,2000
2207405,2000
2207504,2000
2207553,2000
2207603,2000
2207702,2000
2207751,2000
2207777,2000
2207793,2000
2207801,2000
2207850,2000
2207900,2000
2207934,2000
2207959,2000
2208007,2000
2208106,2000
2208205,2000
2208304,2000
2208403,2000
2208502,2000
2208551,2000
2208601,2000
2208650,2000
2208700,2000
2208809,2000
2208858,2000
2208874,2000
2208908,2000
2209005,2000
2209104,2000
2209153,2000
2209203,2000
2209302,2000
2209351,2000
2209377,2000
2209401,2000
2209450,2000
2209500,2000
2209559,2000
2209609,2000
2209658,2000
2209708,2000
2209757,2000
2209807,2000
2209856,2000
2209872,2000
2209906,2000
2209955,2000
2209971,2000
2210003,2000
2210052,2000
2210102,2000
2210201,2000
2210300,2000
2210359,2000
2210375,2000
2210383,2000
2210391,2000
2210409,2000
2210508,2000
2210607,2000
2210623,2000
2210631,2000
2210656,2000
2210706,2000
2210805,2000
2210904,2000
2210938,2000
2210953,2000
2210979,2000
2211001,2001
2211100,2000
2211209,2000
2211308,2000
2211357,2000
2211407,2000
2211506,2000
2211605,2000
2211704,2000
2300200,2000
2300309,2000
2300408,2000
2300705,2000
2300754,2000
2300804,2000
2300903,2000
2301109,2000
2301257,2000
2301307,2000
2301406,2000
2301505,2000
2301604,2000
2301703,2000
2301802,2000
2302008,2000
2302057,2000
2302107,2000
2302404,2000
2302503,3000
2302602,3000
2302701,3000
2302800,3000
2302909,3000
2303006,3000
2303105,3000
2303204,3000
2303303,3000
2303402,3000
2303600,3000
2303808,3000
2303907,3000
2304004,3000
2304103,3000
2304269,3000
2304277,3000
2304301,3000
2304608,3000
2304707,3000
2304954,3000
2305001,3000
2305100,3000
2305209,3000
2305308,3000
2305407,3000
2305506,3000
2305605,3000
2305654,3000
2305704,3000
2305803,3000
2305902,3000
2306009,3000
2306108,3000
2306256,3000
2306306,3000
2306405,3000
2306504,3000
2306603,3000
2306702,3000
2306801,3000
2306900,3000
2307007,3000
2307205,3000
2307304,3000
2307403,3000
2307502,3000
2307700,3000
2307809,3000
2307908,3000
2308005,3000
2308104,3000
2308351,3000
2308401,3000
2308500,3000
2308609,3000
2308708,3000
2308807,3000
2308906,3000
2309102,3000
2309300,3000
2309409,3000
2309458,3000
2309508,3000
2309607,3000
2309805,3000
2309904,3000
2310100,3000
2310308,3000
2310407,3000
2310506,3000
2310704,3000
2310803,3000
2310902,3000
2311009,3000
2311207,3000
2311231,3000
2311264,3000
2311306,3000
2311355,3000
2311405,3000
2311702,3000
2311801,3000
2311900,3000
2311959,3000
2312007,3000
2312106,3000
2312205,3000
2312304,3000
2312403,3000
2312601,3000
2312700,3000
2312809,3000
2313005,3000
2313104,3000
2313203,3000
2313252,3000
2313302,3000
2313351,3000
2313401,3000
2313500,3000
2313559,3000
2313609,3000
2313708,3000
2313757,3000
2313906,3000
2313955,3000
2314003,3000
2314102,3000
2400109,3000
2400208,3000
2400307,3000
2400406,3000
2400505,3000
2400604,3000
2400703,3000
2400802,3000
2400901,3000
2401008,3000
2401107,3000
2401206,3000
2401305,3000
2401404,3000
2401503,3000
2401602,3000
2401651,3000
2401701,3000
2401800,3000
2401859,3000
2401909,3000
2402006,3000
2402105,3000
2402204,3000
2402303,3000
2402402,3000
2402501,3000
2402600,3000
2402709,3000
2402808,3000
2402907,3000
2403004,3000
2403103,3000
2403202,3000
2403251,3000
2403301,3000
2403400,3000
2403509,3000
2403707,3000
2403756,3000
2403806,3000
2403905,3000
2404002,3000
2404101,3000
2404200,3000
2404309,3000
2404507,3000
2404606,3000
2404705,3000
2404804,3000
2404853,3000
2404903,3000
2405009,3000
2405108,3000
2405207,3000
2405306,3000
2405405,3000
2405504,3000
2405603,3000
2405702,3000
2405801,3000
2405900,3000
2406007,3000
2406106,3000
2406155,3000
2406205,3000
2406304,3000
2406403,3000
2406502,3000
2406601,3000
2406700,3000
2406809,3000
2406908,3000
2407005,3000
2407104,3000
2407203,3000
2407252,3000
2407302,3000
2407401,3000
2407500,3000
2407609,3000
2407807,3000
2407906,3000
2408003,3000
2408102,3001
2408201,3000
2408300,3000
2408409,3000
2408508,3000
2408607,3000
2408706,3000
2408805,3000
2408904,3000
2408953,3000
2409100,3000
2409209,3000
2409308,3000
2409332,3000
2409407,3000
2409506,3000
2409605,3000
2409704,3000
2409803,3000
2409902,3000
2410009,3000
2410108,3000
2410207,3000
2410256,3000
2410306,3000
2410405,3000
2410504,3000
2410603,3000
2410702,3000
2410801,3000
2410900,3000
2411007,3000
2411106,3000
2411205,3000
2411403,3000
2411429,3000
2411502,3000
2411601,3000
2411700,3000
2411809,3000
2411908,3000
2412005,3000
2412104,3000
2412203,3000
2412302,3000
2412401,3000
2412500,3000
2412559,3000
2412609,3000
2412708,3000
2412807,3000
2412906,3000
2413003,3000
2413102,3000
2413201,3000
2413300,3000
2413359,3000
2413409,3000
2413508,3000
2413557,3000
2413607,3000
2413706,3000
2413805,3000
2413904,3000
2414001,3000
2414100,3000
2414159,3000
2414209,3000
2414308,3000
2414407,3000
2414456,3000
2414506,3000
2414605,3000
2414704,3000
2414753,3000
2414803,3000
2414902,3000
2415008,3000
2500106,3000
2500205,3000
2500304,3000
2500403,3000
2500502,3000
2500536,3000
2500577,3000
2500700,3000
2500734,3000
2500775,3000
2500809,3000
2500908,3000
2501005,3000
2501104,3000
2501153,3000
2501203,3000
2501302,3000
2501351,3000
2501401,3000
2501500,3000
2501534,3000
2501575,3000
2501609,3000
2501708,3000
2501906,3000
2502003,3000
2502052,3000
2502102,3000
2502151,3000
2502201,4000
2502300,4000
2502409,4000
2502508,4000
2502607,4000
2502706,4000
2502805,4000
2502904,4000
2503100,4000
2503308,4000
2503407,4000
2503506,4000
2503555,4000
2503605,4000
2503704,4000
2503753,4000
2503803,4000
2503902,4000
2504009,4000
2504033,4000
2504074,4000
2504108,4000
2504157,4000
2504207,4000
2504306,4000
2504405,4000
2504504,4000
2504702,4000
2504801,4000
2504850,4000
2505006,4000
2505105,4000
2505204,4000
2505279,4000
2505303,4000
2505352,4000
2505402,4000
2505501,4000
2505600,4000
2505709,4000
2505808,4000
2505907,4000
2506004,4000
2506103,4000
2506202,4000
2506251,4000
2506301,4000
2506400,4000
2506509,4000
2506608,4000
2506707,4000
2506806,4000
2506905,4000
2507002,4000
2507101,4000
2507200,4000
2507309,4000
2507408,4000
2507507,4000
2507606,4000
2507705,4000
2507804,4000
2507903,4000
2508000,4000
2508109,4000
2508208,4000
2508307,4000
2508406,4000
2508505,4000
2508554,4000
2508604,4000
2508703,4000
2508802,4000
2508901,4000
2509008,4000
2509156,4000
2509206,4000
2509305,4000
2509339,4000
2509370,4000
2509396,4000
2509404,4000
2509503,4000
2509602,4000
2509701,4000
2509800,4000
2510006,4000
2510204,4000
2510303,4000
2510402,4000
2510501,4000
2510600,4000
2510659,4000
2510709,4000
2510808,4000
2510907,4000
2511004,4000
2511103,4000
2511202,4000
2511301,4000
2511400,4000
2511509,4000
2511608,4000
2511707,4000
2511806,4000
2512002,4000
2512036,4000
2512077,4000
2512101,4000
2512200,4000
2512309,4000
2512408,4000
2512507,4000
2512606,4000
2512705,4000
2512721,4000
2512747,4000
2512754,4000
2512762,4000
2512788,4000
2512804,4000
2512903,4000
2513000,4000
2513109,4000
2513158,4000
2513208,4000
2513307,4000
2513406,4000
2513505,4000
2513604,4000
2513653,4000
2513703,4000
2513802,4000
2513851,4000
2513901,4000
2513927,4000
2513943,4000
2513968,4000
2513984,4000
2514008,4000
2514107,4000
2514206,4000
2514305,4000
2514404,4000
2514453,4000
2514503,4000
2514552,4000
2514602,4000
2514651,4000
2514701,4000
2514800,4000
2514909,4000
2515005,4000
2515104,4000
2515203,4000
2515401,4000
2515500,4000
2515609,4000
2515708,4000
2515807,4000
2515906,4000
2515930,4000
2515971,4000
2516003,4000
2516102,4000
2516151,4000
2516201,4000
2516300,4000
2516409,4000
2516508,4000
2516607,4000
2516706,4000
2516755,4000
2516805,4000
2516904,4000
2517001,4000
2517100,4000
2517209,4000
2517407,4000
2600054,4000
2600104,4000
2600203,4000
2600401,4000
2600500,4000
2600708,4000
2600906,4000
2601003,4000
2601102,4000
2601201,4000
2601409,4000
2601607,4000
2601706,4000
2601805,4000
2601904,4000
2602001,4000
2602100,4000
2602209,4000
2602407,4000
2602506,4000
2602605,4000
2602803,4000
2603009,4000
2603108,4000
2603207,4000
2603306,4000
2603405,4000
2603702,4000
2603801,4000
2603900,4000
2603926,4000
2604007,4000
2604155,4000
2604205,4000
2604502,4000
2604601,4000
2604700,4000
2605103,4000
2605152,4000
2605202,4000
2605301,4000
2605608,4000
2605707,4000
2606002,4000
2606200,4000
2606309,4000
2606408,4000
2606507,4000
2606606,4000
2606804,4000
2606903,4000
2607000,4000
2607109,4000
2607307,4000
2607406,4000
2607505,4000
2607653,4000
2607703,4000
2607950,4000
2608008,4000
2608057,4000
2608206,4000
2608255,4000
2608305,4000
2608404,4000
2608602,4000
2608701,4000
2608750,4000
2608800,4000
2608909,4000
2609006,4000
2609154,4000
2609204,4000
2609501,4000
2609709,4000
2609808,4000
2609907,4000
2610004,4000
2610103,4000
2610202,4000
2610301,4000
2610400,4000
2610509,4000
2610608,4000
2610707,4000
2610806,4000
2610905,4000
2611002,4000
2611101,4000
2611507,4000
2611533,4000
2611606,4001
2611804,4000
2611903,4000
2612208,4000
2612307,4000
2612455,4000
2612471,4000
2612505,4000
2612554,4000
2612604,4000
2612802,4000
2612901,4000
2613008,4000
2613206,4000
2613404,4000
2613503,4000
2613602,4000
2613701,4000
2613800,4000
2613909,4000
2614006,4000
2614105,4000
2614204,4000
2614402,4000
2614501,4000
2614600,4000
2614808,4000
2614857,4000
2615003,4000
2615201,4000
2615300,5001
2615508,5001
2615607,5001
2615706,5001
2615805,5001
2615904,5001
2616001,5001
2616100,5001
2616183,5001
2616209,5001
2616308,5001
2616407,5001
2616506,5001
2700102,5001
2700201,5001
2700300,5001
2700409,5001
2700508,5001
2700706,5001
2700805,5001
2700904,5001
2701001,5001
2701209,5001
2701308,5001
2701357,5001
2701407,5001
2701506,5001
2701605,5001
2701704,5001
2701803,5001
2701902,5001
2702009,5001
2702108,5001
2702306,5001
2702355,5001
2702405,5001
2702504,5001
2702603,5001
2702801,5001
2702900,5001
2703007,5001
2703106,5001
2703205,5001
2703304,5001
2703403,5001
2703502,5001
2703601,5001
2703700,5001
2703759,5001
2703809,5001
2703908,5001
2704005,5001
2704203,5001
2704302,5000
2704401,5001
2704500,5001
2704609,5001
2704708,5001
2704807,5001
2704906,5001
2705002,5001
2705101,5001
2705200,5001
2705408,5001
2705507,5001
2705606,5001
2705804,5001
2705903,5001
2706000,5001
2706109,5001
2706208,5001
2706307,5001
2706406,5001
2706422,5001
2706505,5001
2706604,5001
2706703,5001
2706901,5001
2707008,5001
2707107,5001
2707206,5001
2707305,5001
2707404,5001
2707503,5001
2707602,5001
2707701,5001
2707909,5001
2708006,5001
2708105,5001
2708204,5001
2708303,5001
2708402,5001
2708501,5001
2708600,5001
2708709,5001
2708808,5001
2708907,5001
2708956,5001
2709004,5001
2709103,5001
2709152,5001
2709202,5001
2709301,5001
2709400,5001
2800100,5001
2800209,5001
2800308,5000
2800407,5001
2800506,5001
2800605,5001
2800670,5001
2800704,5001
2801009,5001
2801108,5001
2801207,5001
2801306,5001
2801405,5001
2801504,5001
2801603,5001
2801702,5001
2801900,5001
2802007,5001
2802106,5001
2802205,5001
2802304,5001
2802403,5001
2802502,5001
2802601,5001
2802700,5001
2802809,5001
2802908,5001
2803005,5001
2803104,5001
2803203,5001
2803302,5001
2803401,5001
2803500,5001
2803609,5001
2803708,5001
2803807,5001
2803906,5001
2804003,5001
2804102,5001
2804201,5001
2804300,5001
2804409,5001
2804458,5001
2804508,5001
2804607,5001
2804706,5001
2804805,5001
2804904,5001
2805000,5001
2805109,5001
2805208,5001
2805307,5001
2805406,5001
2805505,5001
2805604,5001
2805703,5001
2805802,5001
2805901,5001
2806008,5001
2806107,5001
2806305,5001
2806404,5001
2806503,5001
2806602,5001
2806701,5001
2806909,5001
2807006,5001
2807105,5001
2807204,5001
2807303,5001
2807402,5001
2807501,5001
2807600,5001
2900108,5001
2900207,5001
2900306,5001
2900355,5001
2900405,5001
2900504,5001
2900702,5001
2900900,5001
2901007,5001
2901106,5001
2901155,5001
2901205,5001
2901304,5001
2901403,5001
2901601,5001
2901700,5001
2901809,5001
2901908,5001
2901957,5001
2902005,5001
2902054,5001
2902104,5001
2902203,5001
2902252,5001
2902302,5001
2902500,5001
2902609,5001
2902658,5001
2902708,5001
2902807,5001
2903003,5001
2903102,5001
2903201,5001
2903235,5001
2903276,5001
2903300,5001
2903409,5001
2903508,5001
2903607,5001
2903706,5001
2903805,5001
2903904,5001
2903953,5001
2904001,5001
2904050,5001
2904100,5001
2904308,5001
2904407,5001
2904506,5001
2904605,5001
2904704,5001
2904753,5001
2904852,5001
2904902,5001
2905008,5001
2905107,5001
2905156,5001
2905206,5001
2905305,5001
2905503,5001
2905602,5001
2905701,5001
2905800,5001
2905909,5001
2906006,5001
2906105,5001
2906204,5001
2906303,5001
2906402,5001
2906501,5001
2906600,5001
2906709,5001
2906808,5001
2906824,5001
2906857,5001
2906873,5001
2906899,5001
2906907,5001
2907103,5001
2907202,5001
2907301,5001
2907400,5001
2907509,5001
2907608,5001
2907707,5001
2907806,5001
2907905,5001
2908002,5001
2908101,5001
2908200,5001
2908309,5001
2908408,5001
2908507,5001
2908606,5001
2908705,5001
2908804,5001
2908903,5001
2909109,5001
2909208,5001
2909307,5001
2909406,5001
2909505,5001
2909604,5001
2909703,5001
2909802,5001
2909901,5001
2910008,5001
2910057,5001
2910206,5001
2910305,5001
2910404,5001
2910503,5001
2910602,5001
2910701,5001
2910727,5001
2910750,5001
2910776,5001
2910800,5000
2910909,5001
2911006,5001
2911105,5001
2911204,5001
2911253,5001
2911303,6000
2911402,6000
2911501,6000
2911600,6000
2911659,6000
2911709,6000
2911808,6000
2911857,6000
2911907,6000
2912004,6000
2912103,6000
2912202,6000
2912301,6000
2912400,6000
2912608,6000
2912707,6000
2912806,6000
2912905,6000
2913002,6000
2913101,6000
2913200,6000
2913309,6000
2913408,6000
2913457,6000
2913507,6000
2913606,6000
2913705,6000
2913804,6000
2913903,6000
2914000,6000
2914109,6000
2914208,6000
2914307,6000
2914406,6000
2914505,6000
2914604,6000
2914703,6000
2914802,6000
2914901,6000
2915007,6000
2915106,6000
2915205,6000
2915304,6000
2915353,6000
2915403,6000
2915502,6000
2915601,6000
2915700,6000
2915809,6000
2915908,6000
2916005,6000
2916203,6000
2916302,6000
2916401,6000
2916500,6000
2916609,6000
2916708,6000
2916807,6000
2916856,6000
2916906,6000
2917003,6000
2917102,6000
2917201,6000
2917300,6000
2917334,6000
2917359,6000
2917409,6000
2917508,6000
2917607,6000
2917706,6000
2917805,6000
2917904,6000
2918001,6000
2918100,6000
2918209,6000
2918308,6000
2918357,6000
2918407,6000
2918456,6000
2918506,6000
2918555,6000
2918605,6000
2918704,6000
2918803,6000
2919009,6000
2919058,6000
2919108,6000
2919157,6000
2919207,6000
2919306,6000
2919405,6000
2919553,6000
2919603,6000
2919702,6000
2919801,6000
2919900,6000
2919926,6000
2919959,6000
2920007,6000
2920106,6000
2920205,6000
2920304,6000
2920403,6000
2920452,6000
2920502,6000
2920601,6000
2920700,6000
2920809,6000
2920908,6000
2921005,6000
2921054,6000
2921104,6000
2921203,6000
2921302,6000
2921401,6000
2921450,6000
2921500,6000
2921708,6000
2921807,6000
2921906,6000
2922052,6000
2922102,6000
2922201,6000
2922250,6000
2922300,6000
2922409,6000
2922508,6000
2922607,6000
2922656,6000
2922706,6000
2922730,6000
2922755,6000
2922805,6000
2922854,6000
2922904,6000
2923035,6000
2923050,6000
2923100,6000
2923209,6000
2923308,6000
2923357,6000
2923407,6000
2923506,6000
2923704,6000
2923803,6000
2924009,6000
2924058,6000
2924108,6000
2924207,6000
2924306,6000
2924405,6000
2924504,6000
2924603,6000
2924652,6000
2924678,6000
2924702,6000
2924801,6000
2924900,6000
2925006,6000
2925105,6000
2925204,6000
2925253,6000
2925402,6000
2925501,6000
2925600,6000
2925709,6000
2925758,6000
2925808,6000
2925907,6000
2925931,6000
2925956,6000
2926004,6000
2926103,6000
2926202,6000
2926301,6000
2926400,6000
2926509,6000
2926608,6000
2926707,6000
2926806,6000
2926905,6000
2927002,6000
2927101,6000
2927200,6000
2927309,6000
2927408,6001
2927507,6000
2927606,6000
2927804,6000
2927903,6000
2928000,6000
2928059,6000
2928109,6000
2928208,6000
2928307,6000
2928406,6000
2928505,6000
2928604,6000
2928703,6000
2928802,6000
2928901,6000
2928950,6000
2929008,6000
2929057,6000
2929107,6000
2929206,6000
2929255,6000
2929305,6000
2929354,6000
2929370,6000
2929404,6000
2929503,6000
2929602,6000
2929701,6000
2929750,6000
2929800,6000
2929909,6000
2930006,6000
2930105,6000
2930154,6000
2930204,6000
2930303,6000
2930402,6000
2930501,6000
2930600,6000
2930709,6000
2930758,6000
2930766,6000
2930808,6000
2930907,6000
2931004,6000
2931103,6000
2931202,6000
2931301,6000
2931350,6000
2931400,6000
2931509,6000
2931608,6000
2931707,6000
2931806,6000
2931905,6000
2932002,6000
2932101,6000
2932200,6000
2932408,6000
2932457,6000
2932507,6000
2932606,6000
2932705,6000
2932804,6000
2932903,6000
2933000,6000
2933059,6000
2933109,6000
2933158,6000
2933174,6000
2933208,6000
2933257,6000
2933307,6000
2933406,6000
2933455,6000
2933505,6000
2933604,6000
3100104,6000
3100203,6000
3100302,6000
3100401,6000
3100500,6000
3100609,6000
3100807,6000
3100906,6000
3101003,6000
3101201,6000
3101300,6000
3101409,6000
3101508,6000
3101607,6000
3101631,6000
3101706,6000
3101805,6000
3101904,6000
3102001,6000
3102050,6000
3102100,6000
3102209,6000
3102308,6000
3102407,6000
3102506,6000
3102605,6000
3102704,6000
3102803,6000
3102852,6000
3102902,6000
3103009,6000
3103108,6000
3103207,6000
3103306,6000
3103405,6000
3103504,6000
3103603,6000
3103702,7000
3103801,7000
3104007,7000
3104106,7000
3104205,7000
3104304,7000
3104403,7000
3104502,7000
3104601,7000
3104700,7000
3104809,7000
3104908,7000
3105004,7000
3105103,7000
3105202,7000
3105301,7000
3105400,7000
3105509,7000
3105608,7000
3105707,7000
3105905,7000
3106002,7000
3106101,7000
3106200,7001
3106309,7000
3106408,7000
3106507,7000
3106606,7000
3106655,7000
3106705,7000
3106804,7000
3106903,7000
3107109,7000
3107208,7000
3107406,7000
3107505,7000
3107604,7000
3107703,7000
3107802,7000
3107901,7000
3108008,7000
3108107,7000
3108206,7000
3108305,7000
3108404,7000
3108503,7000
3108552,7000
3108602,7000
3108701,7000
3108800,7000
3108909,7000
3109006,7000
3109105,7000
3109204,7000
3109253,7000
3109303,7000
3109402,7000
3109451,7000
3109501,7000
3109600,7000
3109709,7000
3109808,7000
3110004,7000
3110103,7000
3110202,7000
3110301,7000
3110400,7000
3110509,7000
3110608,7000
3110707,7000
3110806,7000
3110905,7000
3111002,7000
3111101,7000
3111150,7000
3111200,7000
3111309,7000
3111408,7000
3111606,7000
3111705,7000
3111804,7000
3111903,7000
3112000,7000
3112059,7000
3112109,7000
3112208,7000
3112307,7000
3112406,7000
3112604,7000
3112653,7000
3112802,7000
3112901,7000
3113008,7000
3113107,7000
3113206,7000
3113305,7000
3113404,7000
3113503,7000
3113602,7000
3113701,7000
3113909,7000
3114006,7000
3114105,7000
3114204,7000
3114303,7000
3114402,7000
3114501,7000
3114550,7000
3114600,7000
3114709,7000
3114808,7000
3114907,7000
3115003,7000
3115102,7000
3115201,7000
3115300,7000
3115359,7000
3115409,7000
3115458,7000
3115474,7000
3115508,7000
3115607,7000
3115706,7000
3115805,7000
3115904,7000
3116001,7000
3116100,7000
3116159,7000
3116209,7000
3116308,7000
3116506,7000
3116605,7000
3116704,7000
3116803,7000
3116902,7000
3117009,7000
3117108,7000
3117207,7000
3117306,7000
3117405,7000
3117504,7000
3117603,7000
3117702,7000
3117801,7000
3117836,7000
3117876,7000
3117900,7000
3118007,7000
3118205,7000
3118304,7000
3118403,7000
3118502,7000
3118601,7000
3118700,7000
3118809,7000
3118908,7000
3119005,7000
3119104,7000
3119203,7000
3119302,7000
3119401,7000
3119500,7000
3119609,7000
3119708,7000
3119807,7000
3119906,7000
3119955,7000
3120003,7000
3120102,7000
3120151,7000
3120201,7000
3120300,7000
3120409,7000
3120508,7000
3120607,7000
3120706,7000
3120805,7000
3120839,7000
3120870,7000
3120904,7000
3121001,7000
3121100,7000
3121209,7000
3121258,7000
3121308,7000
3121407,7000
3121506,7000
3121605,7000
3121704,7000
3121803,7000
3121902,7000
3122009,7000
3122207,7000
3122306,7000
3122405,7000
3122454,7000
3122470,7000
3122504,7000
3122603,7000
3122702,7000
3122801,7000
3122900,7000
3123007,7000
3123106,7000
3123205,7000
3123304,7000
3123403,7000
3123502,7000
3123601,7000
3123700,7000
3123809,7000
3123858,7000
3123908,7000
3124005,7000
3124104,7000
3124203,7000
3124302,7000
3124401,7000
3124500,7000
3124609,7000
3124708,7000
3124807,7000
3124906,7000
3125002,7000
3125101,7000
3125200,7000
3125309,7000
3125408,7000
3125507,7000
3125606,7000
3125705,7000
3125804,7000
3125903,7000
3125952,7000
3126109,7000
3126208,7000
3126307,7000
3126406,7000
3126505,7000
3126604,7000
3126752,7000
3126802,7000
3126901,7000
3126950,7000
3127008,7000
3127057,7000
3127073,7000
3127107,7000
3127206,7000
3127339,7000
3127354,7000
3127370,7000
3127388,7000
3127404,7000
3127503,7000
3127602,7000
3127701,7000
3127800,7000
3127909,7000
3128006,7000
3128105,7000
3128204,7000
3128253,7000
3128303,7000
3128402,7000
3128501,7000
3128709,7000
3128808,7000
3128907,7000
3129004,7000
3129103,7000
3129202,7000
3129301,7000
3129400,7000
3129509,7000
3129608,7000
3129657,7000
3129707,7000
3129806,7000
3129905,7000
3130002,7000
3130051,7000
3130101,7000
3130200,7000
3130309,7000
3130408,7000
3130507,7000
3130556,7000
3130606,7000
3130655,7000
3130705,7000
3130804,7000
3130903,7000
3131109,7000
3131158,7000
3131208,7000
3131406,7000
3131505,7000
3131703,7000
3131802,7000
3131901,8000
3132008,8000
3132107,8000
3132206,8000
3132404,8000
3132503,8000
3132602,8000
3132701,8000
3132800,8000
3132909,8000
3133006,8000
3133105,8000
3133204,8000
3133303,8000
3133402,8000
3133501,8000
3133600,8000
3133709,8000
3133758,8000
3133808,8000
3133907,8000
3134004,8000
3134103,8000
3134202,8000
3134301,8000
3134400,8000
3134509,8000
3134608,8000
3134707,8000
3134806,8000
3134905,8000
3135001,8000
3135050,8000
3135076,8000
3135100,8000
3135357,8000
3135407,8000
3135456,8000
3135506,8000
3135605,8000
3135704,8000
3135803,8000
3135902,8000
3136009,8000
3136108,8000
3136306,8000
3136405,8000
3136504,8000
3136520,8000
3136553,8000
3136579,8000
3136603,8000
3136652,8000
3136702,8001
3136801,8000
3136900,8000
3136959,8000
3137007,8000
3137304,8000
3137403,8000
3137601,8000
3137809,8000
3137908,8000
3138005,8000
3138104,8000
3138203,8000
3138302,8000
3138351,8000
3138401,8000
3138500,8000
3138609,8000
3138625,8000
3138658,8000
3138674,8000
3138682,8000
3138708,8000
3138807,8000
3138906,8000
3139003,8000
3139102,8000
3139201,8000
3139250,8000
3139300,8000
3139409,8000
3139508,8000
3139607,8000
3139706,8000
3139805,8000
3139904,8000
3140001,8000
3140159,8000
3140209,8000
3140308,8000
3140407,8000
3140506,8000
3140530,8000
3140555,8000
3140605,8000
3140704,8000
3140803,8000
3140852,8000
3140902,8000
3141009,8000
3141108,8000
3141207,8000
3141306,8000
3141405,8000
3141504,8000
3141603,8000
3141702,8000
3141801,8000
3141900,8000
3142106,8000
3142205,8000
3142254,8000
3142502,8000
3142601,8000
3142700,8000
3142908,8000
3143005,8000
3143104,8000
3143153,8000
3143203,8000
3143302,8000
3143401,8000
3143450,8000
3143708,8000
3143807,8000
3143906,8000
3144003,8000
3144102,8000
3144201,8000
3144300,8000
3144359,8000
3144375,8000
3144409,8000
3144508,8000
3144607,8000
3144656,8000
3144706,8000
3144805,8000
3144904,8000
3145000,8000
3145109,8000
3145208,8000
3145307,8000
3145356,8000
3145372,8000
3145406,8000
3145505,8000
3145604,8000
3145703,8000
3145802,8000
3145851,8000
3146008,8000
3146107,8000
3146206,8000
3146255,8000
3146503,8000
3146552,8000
3146602,8000
3146701,8000
3146750,8000
3146909,8000
3147006,8000
3147105,8000
3147204,8000
3147303,8000
3147402,8000
3147501,8000
3147600,8000
3147709,8000
3147808,8000
3147907,8000
3147956,8000
3148004,8000
3148103,8000
3148202,8000
3148301,8000
3148400,8000
3148509,8000
3148608,8000
3148756,8000
3148806,8000
3148905,8000
3149002,8000
3149101,8000
3149150,8000
3149200,8000
3149309,8000
3149408,8000
3149507,8000
3149606,8000
3149705,8000
3149804,8000
3149903,8000
3149952,8000
3150000,8000
3150109,8000
3150158,8000
3150208,8000
3150307,8000
3150406,8000
3150505,8000
3150539,8000
3150570,8000
3150604,8000
3150703,8000
3150802,8000
3150901,8000
3151008,8000
3151107,8000
3151305,8000
3151404,8000
3151503,8000
3151602,8000
3151701,8000
3151800,8000
3151909,8000
3152006,8000
3152105,8000
3152131,8000
3152170,8000
3152204,8000
3152303,8000
3152402,8000
3152501,8000
3152600,8000
3152709,8000
3152907,8000
3153004,8000
3153103,8000
3153202,8000
3153301,8000
3153400,8000
3153509,8000
3153608,8000
3153806,8000
3153905,8000
3154002,8000
3154101,8000
3154150,8000
3154200,8000
3154309,8000
3154408,8000
3154457,8000
3154606,8000
3154804,8000
3154903,8000
3155009,8000
3155108,8000
3155207,8000
3155306,8000
3155405,8000
3155504,8000
3155603,8000
3155702,8000
3155801,8000
3155900,8000
3156007,8000
3156106,8000
3156205,8000
3156304,8000
3156403,8000
3156452,8000
3156502,8000
3156601,8000
3156700,8000
3156809,8000
3156908,8000
3157005,8000
3157104,8000
3157203,8000
3157252,8000
3157278,8000
3157302,8000
3157336,8000
3157377,8000
3157401,8000
3157500,8000
3157609,8000
3157658,8000
3157708,8000
3157807,8000
3157906,8000
3158003,8000
3158102,8000
3158201,8000
3158300,8000
3158409,8000
3158508,8000
3158607,8000
3158706,8000
3158805,8000
3158904,8000
3158953,8000
3159100,8000
3159209,8000
3159308,8000
3159357,8000
3159407,9000
3159506,9000
3159605,9000
3159704,9000
3159803,9000
3159902,9000
3160009,9000
3160108,9000
3160207,9000
3160306,9000
3160405,9000
3160454,9000
3160504,9000
3160603,9000
3160702,9000
3160801,9000
3160900,9000
3160959,9000
3161007,9000
3161056,9000
3161106,9000
3161205,9000
3161304,9000
3161403,9000
3161502,9000
3161601,9000
3161650,9000
3161809,9000
3161908,9000
3162005,9000
3162104,9000
3162203,9000
3162252,9000
3162302,9000
3162401,9000
3162450,9000
3162500,9000
3162559,9000
3162575,9000
3162609,9000
3162658,9000
3162708,9000
3162807,9000
3162906,9000
3162922,9000
3162948,9000
3162955,9000
3163102,9000
3163201,9000
3163300,9000
3163409,9000
3163508,9000
3163607,9000
3163706,9000
3163805,9000
3163904,9000
3164001,9000
3164100,9000
3164209,9000
3164308,9000
3164407,9000
3164431,9000
3164472,9000
3164506,9000
3164605,9000
3164704,9000
3164803,9000
3164902,9000
3165008,9000
3165107,9000
3165206,9000
3165305,9000
3165404,9000
3165503,9000
3165537,9000
3165552,9000
3165560,9000
3165578,9000
3165602,9000
3165701,9000
3165800,9000
3165909,9000
3166006,9000
3166105,9000
3166204,9000
3166303,9000
3166402,9000
3166501,9000
3166600,9000
3166709,9000
3166808,9000
3166907,9000
3167004,9000
3167103,9000
3167202,9000
3167301,9000
3167400,9000
3167509,9000
3167707,9000
3167806,9000
3167905,9000
3168002,9000
3168101,9000
3168200,9000
3168309,9000
3168408,9000
3168507,9000
3168606,9000
3168705,9000
3168804,9000
3168903,9000
3169000,9000
3169059,9000
3169109,9000
3169208,9000
3169307,9000
3169406,9000
3169505,9000
3169703,9000
3169802,9000
3169901,9000
3170008,9000
3170057,9000
3170107,9000
3170206,9000
3170305,9000
3170404,9000
3170438,9000
3170479,9000
3170503,9000
3170529,9000
3170578,9000
3170602,9000
3170651,9000
3170701,9000
3170750,9000
3170800,9000
3170909,9000
3171030,9000
3171071,9000
3171105,9000
3171154,9000
3171204,9000
3171303,9000
3171402,9000
3171600,9000
3171709,9000
3171808,9000
3172004,9000
3172103,9000
3172202,9000
3200102,9000
3200136,9000
3200169,9000
3200201,9000
3200409,9000
3200508,9000
3200706,9000
3200904,9000
3201100,9000
3201209,9000
3201308,9000
3201407,9000
3201506,9000
3201803,9000
3202009,9000
3202108,9000
3202256,9000
3202306,9000
3202553,9000
3202801,9000
3202900,9000
3203106,9000
3203163,9000
3203320,9000
3203346,9000
3203403,9000
3203502,9000
3203700,9000
3203809,9000
3203908,9000
3204005,9000
3204054,9000
3204104,9000
3204252,9000
3204302,9000
3204351,9000
3204500,9000
3204559,9000
3204609,9000
3204658,9000
3204708,9000
3204807,9000
3204906,9000
3205036,9000
3205101,9000
3205176,9000
3205200,9000
3300159,9000
3300209,9000
3300225,9000
3300258,9000
3300308,9000
3300407,9000
3300456,9000
3300506,9000
3300605,9000
3300704,9000
3300803,9000
3300902,9000
3300951,9000
3301009,9000
3301108,9000
3301157,9000
3301207,9000
3301405,9000
3301504,9000
3301603,9000
3301702,9000
3301801,9000
3301850,9000
3301900,9000
3302007,9000
3302056,9000
3302106,9000
3302205,9000
3302270,9000
3302304,9000
3302403,9000
3302452,9000
3302601,9000
3302700,9000
3302809,9000
3302858,9000
3302908,9000
3303005,9000
3303104,9000
3303401,9000
3303609,9000
3303708,9000
3303856,9000
3303906,9000
3303955,9000
3304003,9000
3304102,9000
3304110,9000
3304128,9000
3304151,9000
3304201,9000
3304300,9000
3304409,9000
3304508,9000
3304557,9001
3304607,9000
3304706,9000
3304755,9000
3304805,9000
3304904,9000
3305000,9000
3305109,9000
3305133,9000
3305158,9000
3305208,9000
3305307,9000
3305406,9000
3305505,9000
3305554,9000
3305604,9000
3305703,9000
3305752,9000
3305802,9000
3305901,9000
3306008,9000
3306107,9000
3306156,9000
3306206,9000
3306305,9000
3500105,9000
3500204,9000
3500303,9000
3500402,9000
3500501,9000
3500550,9000
3500600,9000
3500709,9000
3500758,9000
3500808,9000
3500907,9000
3501004,9000
3501103,9000
3501202,9000
3501301,9000
3501400,9000
3501509,9000
3501707,9000
3501806,9000
3501905,9000
3502101,9000
3502200,9000
3502309,9000
3502408,10000
3502507,10000
3502606,10000
3502705,10000
3502804,10000
3503000,10000
3503109,10000
3503158,10000
3503208,10000
3503307,10000
3503356,10000
3503406,10000
3503505,10000
3503604,10000
3503703,10000
3503901,10000
3503950,10000
3504008,10000
3504107,10000
3504206,10000
3504305,10000
3504404,10000
3504503,10000
3504602,10000
3504701,10000
3504800,10000
3504909,10000
3505005,10000
3505104,10000
3505203,10000
3505302,10000
3505351,10000
3505401,10000
3505500,10000
3505609,10000
3505708,10000
3505807,10000
3505906,10000
3506003,10000
3506102,10000
3506201,10000
3506300,10000
3506359,10000
3506409,10000
3506508,10000
3506607,10000
3506706,10000
3506805,10000
3506904,10000
3507100,10000
3507159,10000
3507209,10000
3507308,10000
3507407,10000
3507456,10000
3507506,10000
3507605,10000
3507704,10000
3507753,10000
3507803,10000
3507902,10000
3508009,10000
3508108,10000
3508207,10000
3508306,10000
3508405,10000
3508504,10000
3508603,10000
3508702,10000
3508801,10000
3508900,10000
3509106,10000
3509205,10000
3509304,10000
3509403,10000
3509452,10000
3509502,10001
3509700,10000
3509809,10000
3509908,10000
3509957,10000
3510005,10000
3510104,10000
3510153,10000
3510203,10000
3510302,10000
3510401,10000
3510708,10000
3510807,10000
3510906,10000
3511003,10000
3511102,10000
3511201,10000
3511300,10000
3511409,10000
3511508,10000
3511607,10000
3511706,10000
3511904,10000
3512001,10000
3512100,10000
3512209,10000
3512308,10000
3512407,10000
3512506,10000
3512605,10000
3512902,10000
3513009,10000
3513108,10000
3513207,10000
3513306,10000
3513405,10000
3513603,10000
3513702,10000
3513850,10000
3513900,10000
3514007,10000
3514106,10000
3514205,10000
3514304,10000
3514403,10000
3514502,10000
3514601,10000
3514700,10000
3514809,10000
3514908,10000
3514924,10000
3514957,10000
3515129,10000
3515152,10000
3515186,10000
3515194,10000
3515202,10000
3515301,10000
3515350,10000
3515400,10000
3515509,10000
3515608,10000
3515657,10000
3515707,10000
3515806,10000
3515905,10000
3516002,10000
3516101,10000
3516200,10000
3516507,10000
3516606,10000
3516705,10000
3516804,10000
3516903,10000
3517000,10000
3517109,10000
3517208,10000
3517307,10000
3517406,10000
3517505,10000
3517604,10000
3517703,10000
3517802,10000
3517901,10000
3518008,10000
3518107,10000
3518206,10000
3518305,10000
3518404,10000
3518503,10000
3518602,10000
3518859,10000
3518909,10000
3519006,10000
3519105,10000
3519204,10000
3519253,10000
3519303,10000
3519402,10000
3519501,10000
3519600,10000
3519709,10000
3519808,10000
3519907,10000
3520004,10000
3520103,10000
3520202,10000
3520301,10000
3520426,10000
3520442,10000
3520509,10000
3520608,10000
3520707,10000
3520806,10000
3520905,10000
3521002,10000
3521150,10000
3521200,10000
3521309,10000
3521408,10000
3521507,10000
3521606,10000
3521705,10000
3521804,10000
3521903,10000
3522000,10000
3522158,10000
3522307,10000
3522406,10000
3522604,10000
3522653,10000
3522703,10000
3522802,10000
3522901,10000
3523008,10000
3523107,10000
3523206,10000
3523404,10000
3523503,10000
3523602,10000
3523701,10000
3523800,10000
3523909,10000
3524006,10000
3524105,10000
3524204,10000
3524303,10000
3524402,10000
3524501,10000
3524600,10000
3524709,10000
3524808,10000
3525102,10000
3525201,10000
3525300,10000
3525409,10000
3525508,10000
3525607,10000
3525706,10000
3525805,10000
3525854,10000
3525904,10000
3526001,10000
3526100,10000
3526308,10000
3526407,10000
3526506,10000
3526605,10000
3526704,10000
3526803,10000
3526902,10000
3527009,10000
3527108,10000
3527207,10000
3527256,10000
3527306,10000
3527405,10000
3527504,10000
3527603,10000
3527702,10000
3527801,10000
3527900,10000
3528007,10000
3528106,10000
3528205,10000
3528304,10000
3528403,10000
3528601,10000
3528700,10000
3528809,10000
3528858,10000
3528908,10000
3529005,10000
3529104,10000
3529203,10000
3529302,10000
3529500,10000
3529609,10000
3529658,10000
3529708,10000
3529807,10000
3530003,10000
3530102,10000
3530201,10000
3530300,10000
3530409,10000
3530508,10000
3530607,10000
3530706,10000
3530805,10000
3530904,10000
3531001,10000
3531100,10000
3531209,10000
3531308,10000
3531407,10000
3531506,10000
3531605,10000
3531704,10000
3531803,10000
3531902,10000
3532009,10000
3532058,10000
3532108,10000
3532157,11000
3532207,11000
3532306,11000
3532405,11000
3532504,11000
3532603,11000
3532702,11000
3532801,11000
3532827,11000
3532843,11000
3532868,11000
3532900,11000
3533007,11000
3533106,11000
3533205,11000
3533254,11000
3533304,11000
3533502,11000
3533601,11000
3533700,11000
3533809,11000
3533908,11000
3534005,11000
3534104,11000
3534203,11000
3534302,11000
3534500,11000
3534609,11000
3534708,11000
3534757,11000
3534807,11000
3534906,11000
3535002,11000
3535101,11000
3535200,11000
3535309,11000
3535408,11000
3535507,11000
3535705,11000
3535804,11000
3535903,11000
3536000,11000
3536109,11000
3536208,11000
3536257,11000
3536307,11000
3536406,11000
3536505,11000
3536570,11000
3536604,11000
3536703,11000
3536802,11000
3536901,11000
3537008,11000
3537107,11000
3537156,11000
3537206,11000
3537305,11000
3537404,11000
3537503,11000
3537701,11000
3537800,11000
3537909,11000
3538006,11000
3538105,11000
3538204,11000
3538303,11000
3538501,11000
3538709,11000
3538808,11000
3538907,11000
3539004,11000
3539103,11000
3539202,11000
3539301,11000
3539400,11000
3539509,11000
3539608,11000
3539707,11000
3539806,11000
3539905,11000
3540002,11000
3540101,11000
3540200,11000
3540259,11000
3540309,11000
3540408,11000
3540507,11000
3540606,11000
3540705,11000
3540754,11000
3540804,11000
3540853,11000
3540903,11000
3541059,11000
3541109,11000
3541208,11000
3541406,11000
3541505,11000
3541604,11000
3541703,11000
3541802,11000
3541901,11000
3542008,11000
3542107,11000
3542206,11000
3542404,11000
3542503,11000
3542602,11000
3542701,11000
3542800,11000
3542909,11000
3543006,11000
3543105,11000
3543204,11000
3543238,11000
3543253,11000
3543303,11000
3543402,11000
3543501,11000
3543600,11000
3543709,11000
3543808,11000
3543907,11000
3544004,11000
3544103,11000
3544202,11000
3544251,11000
3544400,11000
3544509,11000
3544608,11000
3544707,11000
3544806,11000
3544905,11000
3545001,11000
3545100,11000
3545209,11000
3545308,11000
3545407,11000
3545506,11000
3545605,11000
3545704,11000
3545803,11000
3546009,11000
3546108,11000
3546256,11000
3546306,11000
3546405,11000
3546504,11000
3546603,11000
3546702,11000
3546801,11000
3546900,11000
3547007,11000
3547106,11000
3547205,11000
3547304,11000
3547403,11000
3547502,11000
3547601,11000
3547650,11000
3547700,11000
3547809,11000
3547908,11000
3548005,11000
3548054,11000
3548104,11000
3548203,11000
3548302,11000
3548401,11000
3548500,11000
3548609,11000
3548906,11000
3549003,11000
3549102,11000
3549201,11000
3549250,11000
3549300,11000
3549409,11000
3549508,11000
3549607,11000
3549706,11000
3549805,11000
3549904,11000
3550001,11000
3550100,11000
3550209,11000
3550308,11001
3550407,11000
3550506,11000
3550803,11000
3550902,11000
3551009,11000
3551108,11000
3551207,11000
3551306,11000
3551405,11000
3551504,11000
3551603,11000
3551702,11000
3551801,11000
3551900,11000
3552007,11000
3552106,11000
3552205,11000
3552304,11000
3552403,11000
3552551,11000
3552601,11000
3552700,11000
3552908,11000
3553005,11000
3553104,11000
3553203,11000
3553302,11000
3553401,11000
3553500,11000
3553609,11000
3553658,11000
3553708,11000
3553807,11000
3553856,11000
3553906,11000
3553955,11000
3554003,11000
3554102,11000
3554201,11000
3554300,11000
3554409,11000
3554508,11000
3554607,11000
3554656,11000
3554706,11000
3554755,11000
3554904,11000
3554953,11000
3555000,11000
3555109,11000
3555208,11000
3555307,11000
3555356,11000
3555406,11000
3555505,11000
3555604,11000
3555703,11000
3555802,11000
3555901,11000
3556008,11000
3556107,11000
3556206,11000
3556305,11000
3556354,11000
3556404,11000
3556602,11000
3556701,11000
3556909,11000
3556958,11000
3557006,11000
3557105,11000
3557154,11000
3557204,11000
3557303,11000
4100103,11000
4100202,11000
4100301,11000
4100459,11000
4100509,11000
4100608,11000
4100707,11000
4100806,11000
4100905,11000
4101002,11000
4101051,11000
4101101,11000
4101150,11000
4101200,11000
4101309,11000
4101408,11000
4101507,11000
4101606,11000
4101655,11000
4101705,11000
4101804,11000
4101853,11000
4101903,11000
4102000,11000
4102109,11000
4102208,11000
4102307,11000
4102406,11000
4102505,11000
4102604,11000
4102703,11000
4102752,11000
4102802,11000
4102901,11000
4103008,11000
4103024,11000
4103057,11000
4103107,11000
4103156,12000
4103206,12000
4103222,12000
4103305,12000
4103354,12000
4103370,12000
4103404,12000
4103479,12000
4103503,12000
4103602,12000
4103701,12000
4103800,12000
4103909,12000
4103958,12000
4104006,12000
4104055,12000
4104303,12000
4104402,12000
4104428,12000
4104451,12000
4104501,12000
4104600,12000
4104709,12000
4104808,12001
4105003,12000
4105102,12000
4105201,12000
4105300,12000
4105508,12000
4105607,12000
4105706,12000
4105805,12001
4105904,12000
4106001,12000
4106100,12000
4106209,12000
4106308,12000
4106407,12000
4106555,12000
4106571,12000
4106605,12000
4106704,12000
4106803,12000
4106852,12000
4107009,12000
4107108,12000
4107124,12000
4107207,12000
4107256,12000
4107306,12000
4107504,12000
4107520,12000
4107546,12000
4107553,12000
4107603,12000
4107702,12000
4107736,12000
4107751,12000
4107801,12000
4107850,12000
4107900,12000
4108007,12000
4108205,12000
4108320,12000
4108403,12000
4108502,12000
4108551,12000
4108601,12000
4108650,12000
4108700,12000
4108908,12000
4109005,12000
4109104,12000
4109203,12000
4109302,12000
4109401,12001
4109500,12000
4109609,12000
4109708,12000
4109757,12000
4109807,12000
4109906,12000
4110003,12000
4110052,12000
4110078,12000
4110102,12000
4110201,12000
4110300,12000
4110409,12000
4110607,12000
4110656,12000
4110706,12000
4110805,12000
4110904,12000
4111001,12000
4111100,12000
4111209,12000
4111258,12000
4111308,12000
4111506,12000
4111555,12000
4111605,12000
4111704,12000
4111803,12000
4111902,12000
4112108,12000
4112207,12000
4112306,12000
4112405,12000
4112504,12000
4112603,12000
4112702,12000
4112751,12000
4112801,12000
4112900,12000
4112959,12000
4113007,12000
4113106,12000
4113205,12000
4113254,12000
4113304,12000
4113403,12000
4113429,12000
4113452,12000
4113502,12000
4113601,12000
4113700,12001
4113734,12000
4113759,12000
4113809,12000
4113908,12000
4114005,12000
4114104,12000
4114203,12000
4114351,12000
4114500,12000
4114609,12000
4114708,12000
4114807,12000
4114906,12000
4115002,12000
4115101,12000
4115200,12001
4115309,12000
4115408,12000
4115457,12000
4115507,12000
4115606,12000
4115705,12000
4115739,12000
4115754,12000
4115804,12000
4115903,12000
4116000,12000
4116059,12000
4116109,12000
4116208,12000
4116307,12000
4116406,12000
4116505,12000
4116604,12000
4116703,12000
4116802,12000
4116901,12000
4116950,12000
4117008,12000
4117057,12000
4117107,12000
4117206,12000
4117214,12000
4117222,12000
4117255,12000
4117271,12000
4117297,12000
4117305,12000
4117453,12000
4117503,12000
4117602,12000
4117701,12000
4117800,12000
4117909,12000
4118006,12000
4118105,12000
4118204,12000
4118303,12000
4118402,12000
4118451,12000
4118501,12000
4118600,12000
4118709,12000
4118808,12000
4118857,12000
4118907,12000
4119004,12000
4119103,12000
4119152,12000
4119202,12000
4119251,12000
4119509,12000
4119608,12000
4119657,12000
4119707,12000
4119905,12001
4120002,12000
4120150,12000
4120200,12000
4120309,12000
4120333,12000
4120358,12000
4120408,12000
4120507,12000
4120655,12000
4120705,12000
4120804,12000
4120853,12000
4120903,12000
4121000,12000
4121109,12000
4121257,12000
4121307,12000
4121356,12000
4121406,12000
4121505,12000
4121604,12000
4121703,12000
4121802,12000
4121901,12000
4122008,12000
4122107,12000
4122172,12000
4122206,12000
4122404,12000
4122503,12000
4122602,12000
4122651,12000
4122701,12000
4122800,12000
4122909,12000
4123006,12000
4123105,12000
4123204,12000
4123303,12000
4123402,12000
4123501,12000
4123600,12000
4123709,12000
4123824,12000
4123857,12000
4123907,12000
4123956,12000
4124004,12000
4124020,12000
4124103,12000
4124202,12000
4124301,12000
4124400,12000
4124509,12000
4124608,12000
4124707,12000
4124806,12000
4124905,12000
4125001,12000
4125100,12000
4125209,12000
4125308,12000
4125357,12000
4125407,12000
4125456,12000
4125555,12000
4125605,12000
4125704,12000
4125753,12000
4125803,12000
4125902,12000
4126009,12000
4126108,12000
4126207,12000
4126306,12000
4126405,12000
4126504,12000
4126603,12000
4126702,12000
4126801,12000
4126900,12000
4127106,12000
4127205,12000
4127304,12000
4127403,12000
4127502,12000
4127700,12000
4127809,12000
4127858,12000
4127882,12000
4127908,12000
4127965,12000
4128005,12000
4128104,12000
4128203,12000
4128302,12000
4128401,12000
4128500,13001
4128534,13001
4128559,13001
4128609,13001
4128625,13001
4128658,13001
4128708,13001
4128807,13001
4200051,13001
4200101,13001
4200200,13001
4200309,13001
4200408,13001
4200507,13001
4200556,13001
4200606,13001
4200705,13001
4200754,13001
4200804,13001
4200903,13001
4201000,13001
4201109,13001
4201208,13001
4201257,13001
4201307,13001
4201406,13001
4201505,13001
4201604,13001
4201802,13001
4201901,13001
4201950,13001
4202073,13001
4202081,13001
4202099,13001
4202156,13001
4202206,13001
4202305,13001
4202404,13000
4202438,13001
4202503,13001
4202537,13001
4202578,13001
4202602,13001
4202701,13001
4202800,13001
4202875,13001
4202909,13001
4203006,13001
4203105,13001
4203154,13001
4203253,13001
4203402,13001
4203501,13001
4203600,13001
4203709,13001
4203808,13001
4203907,13001
4203956,13001
4204004,13001
4204103,13001
4204152,13001
4204178,13001
4204194,13001
4204202,13000
4204251,13001
4204301,13001
4204400,13001
4204459,13001
4204558,13001
4204608,13000
4204707,13001
4204756,13001
4204806,13001
4204905,13001
4205001,13001
4205100,13001
4205159,13001
4205175,13001
4205209,13001
4205308,13001
4205357,13001
4205431,13001
4205456,13001
4205506,13001
4205555,13001
4205605,13001
4205704,13001
4206108,13001
4206207,13001
4206306,13001
4206405,13001
4206504,13001
4206603,13001
4206652,13001
4206702,13001
4206751,13001
4206801,13001
4206900,13001
4207007,13001
4207205,13001
4207304,13001
4207403,13001
4207502,13001
4207577,13001
4207601,13001
4207650,13001
4207684,13001
4207700,13001
4207759,13001
4207858,13001
4207908,13001
4208005,13001
4208104,13001
4208401,13001
4208450,13001
4208500,13001
4208609,13001
4208708,13001
4208807,13001
4208906,13000
4208955,13001
4209003,13001
4209102,13000
4209151,13001
4209177,13001
4209201,13001
4209300,13000
4209409,13001
4209458,13001
4209607,13001
4209706,13001
4209805,13001
4209904,13001
4210035,13001
4210100,13001
4210209,13001
4210308,13001
4210506,13001
4210555,13001
4210704,13001
4210803,13001
4210852,13001
4210902,13001
4211009,13001
4211058,13001
4211108,13001
4211207,13001
4211256,13001
4211306,13001
4211405,13001
4211454,13001
4211504,13001
4211603,13001
4211652,13001
4211702,13001
4211751,13001
4211801,13001
4211850,13001
4211876,13001
4211892,13001
4212007,13001
4212056,13001
4212106,13001
4212205,13001
4212239,13001
4212254,13001
4212270,13001
4212304,13001
4212403,13001
4212601,13001
4212650,13001
4212700,13001
4212809,13001
4212908,13001
4213005,13001
4213104,13001
4213153,13001
4213203,13001
4213302,13001
4213351,13001
4213401,13001
4213609,13001
4213708,13001
4213807,13001
4213906,13001
4214003,13001
4214102,13001
4214151,13001
4214201,13001
4214300,13001
4214508,13001
4214607,13001
4214706,13001
4214805,13001
4214904,13001
4215000,13001
4215059,13001
4215075,13001
4215208,13001
4215307,13001
4215356,13001
4215455,13001
4215505,13001
4215554,13001
4215604,13001
4215653,13001
4215679,13001
4215687,13001
4215695,13001
4215703,13001
4215802,13001
4215901,13001
4216008,13001
4216057,13001
4216107,13001
4216206,13001
4216255,13001
4216305,13001
4216404,13001
4216503,13001
4216602,13000
4216701,13001
4216800,13001
4216909,13001
4217006,13001
4217105,13001
4217154,13001
4217204,13001
4217253,13001
4217303,13001
4217501,13001
4217550,13001
4217600,13001
4217709,13001
4217758,13001
4217808,13001
4217907,13001
4217956,13001
4218103,13001
4218202,13001
4218251,13001
4218301,13001
4218350,13001
4218400,13001
4218608,13001
4218707,13000
4218756,13001
4218806,13001
4218855,13001
4218905,13001
4218954,13001
4219002,13001
4219101,13001
4219150,13001
4219176,13001
4219200,13001
4219309,13001
4219358,13001
4219408,13001
4219507,13001
4219606,13001
4219705,13001
4219853,13001
4220000,13001
4300034,13001
4300059,13001
4300109,13001
4300208,13001
4300307,13001
4300406,13000
4300455,13001
4300471,13001
4300505,13001
4300554,13001
4300570,13001
4300604,13000
4300638,13001
4300646,13001
4300661,13001
4300703,13001
4300802,13001
4300851,13001
4300877,13001
4300901,13001
4301008,13001
4301057,13001
4301107,13001
4301206,13001
4301305,13001
4301404,13001
4301503,13001
4301552,13001
4301602,13000
4301636,13001
4301651,13001
4301701,13001
4301750,13001
4301800,13001
4301859,13001
4301909,13001
4301958,14000
4302006,14000
4302055,14000
4302105,14000
4302154,14000
4302204,14000
4302220,14000
4302238,14000
4302253,14000
4302303,14000
4302352,14000
4302378,14000
4302402,14000
4302451,14000
4302501,14000
4302584,14000
4302600,14000
4302659,14000
4302709,14000
4302808,14000
4302907,14000
4303004,14000
4303103,14000
4303202,14000
4303301,14000
4303400,14000
4303509,14000
4303558,14000
4303673,14000
4303707,14000
4303806,14000
4303905,14000
4304002,14000
4304101,14000
4304200,14000
4304309,14000
4304358,14000
4304507,14000
4304606,14000
4304614,14000
4304622,14000
4304630,14000
4304655,14000
4304663,14000
4304671,14000
4304689,14000
4304697,14000
4304705,14000
4304713,14000
4304804,14000
4304853,14000
4304903,14000
4304952,14000
4305009,14000
4305108,14000
4305116,14000
4305124,14000
4305132,14000
4305157,14000
4305173,14000
4305207,14000
4305306,14000
4305355,14000
4305371,14000
4305405,14000
4305439,14000
4305447,14000
4305454,14000
4305504,14000
4305587,14000
4305603,14000
4305702,14000
4305801,14000
4305835,14000
4305850,14000
4305871,14000
4305900,14000
4305934,14000
4305959,14000
4305975,14000
4306007,14000
4306056,14000
4306072,14000
4306106,14000
4306130,14000
4306205,14000
4306304,14000
4306320,14000
4306353,14000
4306379,14000
4306403,14000
4306429,14000
4306452,14000
4306502,14000
4306551,14000
4306601,14000
4306700,14000
4306734,14000
4306759,14000
4306767,14000
4306809,14000
4306908,14000
4306924,14000
4306932,14000
4306957,14000
4306973,14000
4307005,14000
4307054,14000
4307104,14000
4307203,14000
4307302,14000
4307401,14000
4307450,14000
4307500,14000
4307559,14000
4307609,14000
4307708,14000
4307807,14000
4307815,14000
4307831,14000
4307864,14000
4307906,14000
4308003,14000
4308052,14000
4308078,14000
4308102,14000
4308201,14000
4308250,14000
4308300,14000
4308409,14000
4308433,14000
4308458,14000
4308508,14000
4308607,14000
4308656,14000
4308706,14000
4308805,14000
4308854,14000
4308904,14000
4309001,14000
4309050,14000
4309100,14000
4309126,14000
4309159,14000
4309209,14000
4309258,14000
4309308,14000
4309407,14000
4309506,14000
4309555,14000
4309571,14000
4309605,14000
4309654,14000
4309704,14000
4309753,14000
4309803,14000
4309902,14000
4309951,14000
4310009,14000
4310108,14000
4310207,14000
4310306,14000
4310330,14000
4310363,14000
4310405,14000
4310413,14000
4310439,14000
4310462,14000
4310504,14000
4310538,14000
4310553,14000
4310579,14000
4310603,14000
4310652,14000
4310702,14000
4310751,14000
4310801,14000
4310850,14000
4310876,14000
4310900,14000
4311007,14000
4311106,14000
4311122,14000
4311130,14000
4311155,14000
4311205,14000
4311239,14000
4311254,14000
4311270,14000
4311304,14000
4311403,14000
4311429,14000
4311502,14000
4311601,14000
4311627,14000
4311643,14000
4311700,14000
4311718,14000
4311734,14000
4311759,14000
4311775,14000
4311791,14000
4311809,14000
4311908,14000
4311981,14000
4312005,14000
4312054,14000
4312104,14000
4312138,14000
4312153,14000
4312179,14000
4312203,14000
4312252,14000
4312302,14000
4312351,14000
4312377,14000
4312385,14000
4312401,14000
4312427,14000
4312443,14000
4312450,14000
4312476,14000
4312500,14000
4312609,14000
4312617,14000
4312625,14000
4312658,14000
4312674,14000
4312708,14000
4312757,14000
4312807,14000
4312906,14000
4312955,14000
4313003,14000
4313011,14000
4313037,14000
4313060,14000
4313086,14000
4313102,14000
4313201,14000
4313300,14000
4313334,14000
4313359,14000
4313375,14000
4313391,14000
4313409,14000
4313425,14000
4313441,14000
4313466,14000
4313490,14000
4313508,14000
4313607,14000
4313656,14000
4313706,14000
4313805,14000
4313904,14000
4313953,14000
4314001,14000
4314027,14000
4314035,14000
4314050,14000
4314068,14000
4314076,14000
4314100,14000
4314134,14000
4314159,14000
4314175,14000
4314209,14000
4314308,14000
4314407,14000
4314423,14000
4314456,14000
4314464,14000
4314472,14000
4314498,14000
4314506,14000
4314555,14000
4314605,14000
4314704,14000
4314753,14000
4314779,14000
4314787,14000
4314803,14000
4314902,14001
4315008,14000
4315057,14000
4315073,14000
4315107,14000
4315131,14000
4315149,14000
4315156,14000
4315172,14000
4315206,14000
4315305,14000
4315313,14000
4315321,14000
4315354,14000
4315404,14000
4315453,14000
4315503,14000
4315552,15000
4315602,15001
4315701,15000
4315750,15000
4315800,15000
4315909,15000
4315958,15000
4316006,15000
4316105,15000
4316204,15000
4316303,15000
4316402,15000
4316428,15000
4316436,15000
4316451,15000
4316477,15000
4316501,15000
4316600,15000
4316709,15000
4316733,15000
4316758,15000
4316808,15000
4316907,15001
4316956,15000
4316972,15000
4317004,15000
4317103,15000
4317202,15000
4317251,15000
4317400,15000
4317509,15000
4317558,15000
4317608,15000
4317707,15000
4317756,15000
4317806,15000
4317905,15000
4317954,15000
4318002,15000
4318051,15000
4318101,15000
4318200,15000
4318309,15000
4318408,15000
4318424,15000
4318432,15000
4318440,15000
4318457,15000
4318465,15000
4318481,15000
4318499,15000
4318606,15000
4318614,15000
4318622,15000
4318705,15001
4318804,15000
4318903,15000
4319000,15000
4319109,15000
4319125,15000
4319158,15000
4319208,15000
4319307,15000
4319356,15000
4319364,15000
4319372,15000
4319406,15000
4319505,15000
4319604,15000
4319703,15000
4319711,15000
4319737,15000
4319752,15000
4319802,15000
4319901,15000
4320008,15000
4320107,15000
4320206,15000
4320230,15000
4320263,15000
4320305,15000
4320321,15000
4320354,15000
4320404,15000
4320453,15000
4320503,15000
4320552,15000
4320578,15000
4320602,15000
4320651,15000
4320677,15000
4320701,15000
4320800,15000
4320859,15000
4320909,15000
4321006,15000
4321105,15000
4321204,15000
4321303,15000
4321329,15000
4321352,15000
4321402,15000
4321436,15000
4321451,15000
4321469,15000
4321477,15000
4321493,15000
4321501,15000
4321600,15000
4321626,15000
4321634,15000
4321667,15000
4321709,15000
4321808,15000
4321832,15000
4321857,15000
4321907,15000
4321956,15000
4322004,15000
4322103,15000
4322152,15000
4322186,15000
4322202,15000
4322251,15000
4322301,15000
4322327,15000
4322343,15000
4322350,15000
4322376,15000
4322400,15000
4322509,15000
4322525,15000
4322533,15000
4322541,15000
4322558,15000
4322608,15000
4322707,15000
4322806,15000
4322855,15000
4322905,15000
4323002,15001
4323101,15000
4323200,15000
4323309,15000
4323358,15000
4323408,15000
4323457,15000
4323507,15000
4323606,15000
4323705,15000
4323754,15000
4323770,15000
4323804,15000
5000203,15000
5000252,15000
5000609,15000
5000708,15000
5000807,15000
5000856,15000
5001003,15000
5001508,15000
5002001,15000
5002100,15000
5002209,15000
5002605,15000
5002951,15000
5003108,15000
5003157,15000
5003256,15000
5003306,15000
5003900,15000
5004007,15000
5004106,15000
5004304,15000
5004809,15000
5004908,15000
5005103,15000
5005152,15000
5005202,15000
5005681,15000
5005707,15000
5006200,15000
5006275,15000
5006358,15000
5006408,15000
5007109,15000
5007208,15000
5007406,15000
5007505,15000
5007695,15000
5007703,15000
5007802,15000
5007935,15000
5007950,15000
5007976,15000
5008305,15000
5100102,15000
5100201,15000
5100250,15000
5100300,15000
5100359,15000
5100409,15000
5100508,15000
5100607,15000
5100805,15000
5101001,15000
5101209,15000
5101258,15000
5101308,15000
5101407,15000
5101704,15000
5101803,15000
5101852,15000
5101902,15000
5102504,15000
5102603,15000
5102637,15000
5102678,15000
5102686,15000
5102694,15000
5102702,15000
5102850,15000
5103007,15000
5103056,15000
5103106,15000
5103205,15000
5103254,15000
5103304,15000
5103353,15000
5103361,15000
5103379,15000
5103403,15001
5103452,15000
5103502,15000
5103601,15000
5103700,15000
5103809,15000
5103858,15000
5103908,15000
5104104,15000
5104203,15000
5104500,15000
5104526,15000
5104542,15000
5104559,15000
5104807,15000
5104906,15000
5105002,15000
5105101,15000
5105150,15000
5105176,15000
5105234,15000
5105259,15000
5105309,15000
5105507,15000
5105580,15000
5105606,15000
5105622,15000
5105903,15000
5106000,15000
5106109,15000
5106158,15000
5106174,15000
5106182,15000
5106190,15000
5106208,15000
5106224,15000
5106232,15000
5106240,15000
5106257,15000
5106265,15000
5106273,15000
5106281,15000
5106299,15000
5106307,15000
5106315,15000
5106422,15000
5106455,15000
5106653,15000
5106703,15000
5106752,15000
5106778,15000
5106802,15000
5106828,15000
5106851,15000
5107040,15000
5107065,15000
5107107,15000
5107156,15000
5107180,15000
5107198,15000
5107206,15000
5107248,15000
5107263,15000
5107305,15000
5107354,15000
5107578,15000
5107701,15000
5107743,15000
5107750,15000
5107768,16000
5107776,16000
5107792,16000
5107800,16000
5107859,16000
5107875,16000
5107883,16000
5107909,16000
5107925,16000
5107941,16000
5107958,16000
5108006,16000
5108105,16000
5108204,16000
5108303,16000
5108352,16000
5108402,16000
5108501,16000
5108600,16000
5108857,16000
5108907,16000
5108956,16000
5200134,16000
5200159,16000
5200175,16000
5200209,16000
5200258,16000
5200308,16000
5200555,16000
5200605,16000
5200803,16000
5200829,16000
5200852,16000
5200902,16000
5201108,16000
5201207,16000
5201306,16000
5201454,16000
5201504,16000
5201702,16000
5202155,16000
5202353,16000
5202502,16000
5202601,16000
5202809,16000
5203104,16000
5203203,16000
5203401,16000
5203500,16000
5203559,16000
5203575,16000
5203609,16000
5203807,16000
5203939,16000
5203962,16000
5204003,16000
5204102,16000
5204201,16000
5204250,16000
5204300,16000
5204409,16000
5204508,16000
5204656,16000
5204706,16000
5204904,16000
5204953,16000
5205000,16000
5205059,16000
5205109,16000
5205208,16000
5205307,16000
5205406,16000
5205455,16000
5205471,16000
5205497,16000
5205513,16000
5205521,16000
5205703,16000
5205802,16000
5206206,16000
5206404,16000
5206503,16000
5206602,16000
5206701,16000
5206800,16000
5206909,16000
5207105,16000
5207253,16000
5207352,16000
5207402,16000
5207501,16000
5207535,16000
5207600,16000
5207808,16000
5207907,16000
5208004,16000
5208103,16000
5208301,16000
5208509,16000
5208608,16000
5208806,16000
5208905,16000
5209101,16000
5209150,16000
5209200,16000
5209408,16000
5209457,16000
5209705,16000
5209804,16000
5209903,16000
5209952,16000
5210000,16000
5210109,16000
5210158,16000
5210208,16000
5210307,16000
5210406,16000
5210562,16000
5210802,16000
5210901,16000
5211008,16000
5211206,16000
5211305,16000
5211503,16000
5211602,16000
5211701,16000
5211800,16000
5211909,16000
5212006,16000
5212055,16000
5212204,16000
5212303,16000
5212501,16000
5212600,16000
5212709,16000
5212808,16000
5212907,16000
5212956,16000
5213004,16000
5213053,16000
5213087,16000
5213103,16000
5213400,16000
5213509,16000
5213707,16000
5213756,16000
5213772,16000
5213806,16000
5213855,16000
5213905,16000
5214002,16000
5214051,16000
5214101,16000
5214408,16000
5214507,16000
5214606,16000
5214804,16000
5214838,16000
5214861,16000
5214879,16000
5214903,16000
5215009,16000
5215207,16000
5215231,16000
5215256,16000
5215306,16000
5215405,16000
5215504,16000
5215603,16000
5215652,16000
5215702,16000
5215900,16000
5216403,16000
5216908,16000
5217203,16000
5217302,16000
5217609,16000
5217708,16000
5218003,16000
5218052,16000
5218300,16000
5218391,16000
5218508,16000
5218607,16000
5218706,16000
5218789,16000
5218805,16000
5218904,16000
5219001,16000
5219100,16000
5219209,16000
5219258,16000
5219308,16000
5219357,16000
5219407,16000
5219456,16000
5219605,16000
5219704,16000
5219712,16000
5219753,16000
5219803,16000
5220009,16000
5220058,16000
5220108,16000
5220157,16000
5220207,16000
5220264,16000
5220454,16000
5220504,16000
5220603,16000
5220686,16000
5220702,16000
5221080,16000
5221197,16000
5221304,16000
5221403,16000
5221452,16000
5221502,16000
5221551,16000
5221577,16000
5221601,16000
5221700,16000
5221858,16000
5221908,16000
5222054,16000
5222203,16000
5222302,16000
5300108,16001
